drone;total_time;min_time;max_time;mean_time;time_working
drone1;14.713886;4.651442;5.290478;4.9046286666666665;1.0
drone2;14.713886;4.651442;5.290478;4.9046286666666665;0.903410055762505
drone3;14.713886;4.651442;5.290478;4.9046286666666665;0.8813028593352464
