drone;total_time;min_time;max_time;mean_time;time_working
drone1;68.414946;22.549921;23.184011;22.804982;0.9984273957431316
drone2;68.414946;22.549921;23.184011;22.804982;0.9982490945445258
drone3;68.414946;22.549921;23.184011;22.804982;0.9980968890648412
