drone;total_time;min_time;max_time;mean_time;time_working
drone1;33.474132;1.532668;8.470566;5.579021999999999;0.9443062440829231
drone2;33.474132;1.532668;8.470566;5.579021999999999;0.028619573121088517
drone3;33.474132;1.532668;8.470566;5.579021999999999;1.0
drone4;33.474132;1.532668;8.470566;5.579021999999999;0.7525861951097236
