drone;total_time;min_time;max_time;mean_time;time_working
drone1;147.94329299999998;46.727885;53.251261;49.31443099999999;0.9999743163391547
drone2;147.94329299999998;46.727885;53.251261;49.31443099999999;0.9007085442386508
drone3;147.94329299999998;46.727885;53.251261;49.31443099999999;0.8774969169750317
