drone;total_time;min_time;max_time;mean_time;time_working
drone1;14.749302999999998;4.667431;5.301709;4.916434333333332;1.0
drone2;14.749302999999998;4.667431;5.301709;4.916434333333332;0.9036380536633948
drone3;14.749302999999998;4.667431;5.301709;4.916434333333332;0.8826367630125086
