drone;total_time;min_time;max_time;mean_time;time_working
drone1;147.617564;46.65111;53.097806;49.20585466666666;0.9970925244131924
drone2;147.617564;46.65111;53.097806;49.20585466666666;0.8993430554913682
drone3;147.617564;46.65111;53.097806;49.20585466666666;0.8770084102888911
