drone;total_time;min_time;max_time;mean_time;time_working
drone1;10.088078;3.314991;3.43612;3.3626926666666663;0.9995342849723875
drone2;10.088078;3.314991;3.43612;3.3626926666666663;0.9707022646443757
drone3;10.088078;3.314991;3.43612;3.3626926666666663;0.9642323903497587
