drone;total_time;min_time;max_time;mean_time;time_working
drone1;14.754786;4.662643;5.305575;4.9182619999999995;0.9999556594510566
drone2;14.754786;4.662643;5.305575;4.9182619999999995;0.9024421496749049
drone3;14.754786;4.662643;5.305575;4.9182619999999995;0.8791560340159649
