drone;total_time;min_time;max_time;mean_time;time_working
drone1;14.730284999999999;4.655353;5.294337;4.910094999999999;0.996075650082933
drone2;14.730284999999999;4.655353;5.294337;4.910094999999999;0.900463656264022
drone3;14.730284999999999;4.655353;5.294337;4.910094999999999;0.8772881162486326
