drone;total_time;min_time;max_time;mean_time;time_working
drone1;14.736654;4.659455;5.294316;4.912218;0.988075099337309
drone2;14.736654;4.659455;5.294316;4.912218;0.8959143326991621
drone3;14.736654;4.659455;5.294316;4.912218;0.872124618511188
