drone;total_time;min_time;max_time;mean_time;time_working
drone1;42.833887;7.397004;18.472575;14.277962333333333;0.9962614941427674
drone3;42.833887;7.397004;18.472575;14.277962333333333;0.9953498605846443
